run_id,job_index,dataset_size,last_train_loss,last_val_loss,last_token_acc,last_perplexity
20260313_003220,0,8000,0.047660720082575506,0.050734292603447105,0.983715715025013,1.0520433204508262
20260313_025101,1,8000,0.038590702128664514,0.04457570873011719,0.9869824936984221,1.045584133560968
20260313_043636,2,6000,0.03730717745590179,0.044866028796338164,0.9860937949554043,1.0458877316840443
