epoch,train_loss,val_loss,token_acc,perplexity
1,0.07378516950004269,0.05297348640859127,0.983474210798689,1.054401688773189
2,0.047660720082575506,0.050734292603447105,0.983715715025013,1.0520433204508262
