{
  "train_loss": [
    0.07378516950004269,
    0.047660720082575506
  ],
  "eval_metrics": {
    "val_loss": [
      0.05297348640859127,
      0.050734292603447105
    ],
    "token_acc": [
      0.983474210798689,
      0.983715715025013
    ],
    "perplexity": [
      1.054401688773189,
      1.0520433204508262
    ]
  }
}