{
  "train_loss": [
    0.07378516950004269,
    0.047660720082575506,
    0.046859954082303576,
    0.038590702128664514,
    0.0484931056010235,
    0.03730717745590179
  ],
  "eval_metrics": {
    "val_loss": [
      0.05297348640859127,
      0.050734292603447105,
      0.04283509136759676,
      0.04457570873011719,
      0.04326021036986882,
      0.044866028796338164
    ],
    "token_acc": [
      0.983474210798689,
      0.983715715025013,
      0.9872587272538932,
      0.9869824936984221,
      0.9874364630286756,
      0.9860937949554043
    ],
    "perplexity": [
      1.054401688773189,
      1.0520433204508262,
      1.0437657546741494,
      1.045584133560968,
      1.0442095736616408,
      1.0458877316840443
    ]
  }
}